"","GSM5609212","GSM5609213","GSM5609214","GSM5609215","GSM5609216","GSM5609217","GSM5609218","GSM5609219","GSM5609220","GSM5609221","GSM5609222","GSM5609223","GSM5609224","GSM5609225","GSM5609226","GSM5609227","GSM5609228","GSM5609229","GSM5609230","GSM5609231","GSM5609232","GSM5609233","GSM5609234","GSM5609235","GSM5609236","GSM5609237","GSM5609238","GSM5609239","GSM5609240","GSM5609241","GSM5609242","GSM5609243","GSM5609244","GSM5609245","GSM5609246","GSM5609247","GSM5609248","GSM5609249","GSM5609250","GSM5609333","GSM5609334","GSM5609335","GSM5609336","GSM5609337"
"5226",5653,2472,5355,3620,6251,6140,953,959,869,1131,2021,642,13123,2408,2264,2836,1479,2685,1574,2570,3813,1865,1975,1932,1798,2343,996,2757,1786,3337,2543,2025,4591,1562,4743,3167,8454,4307,2772,4338,6000,1932,5995,4104
"26270",223,162,260,194,252,462,44,71,47,36,9,19,333,38,50,44,43,91,31,67,107,81,27,34,64,33,22,41,47,53,76,49,157,32,197,40,484,154,225,175,181,92,134,205
"57085",1288,589,1545,944,1313,2144,202,204,165,229,148,48,1253,125,185,200,146,294,116,297,441,177,149,217,279,226,133,222,164,226,176,238,490,151,805,439,1558,654,621,731,1032,341,1018,927
"6390",636,332,815,531,791,985,179,128,121,175,240,79,908,275,298,292,215,269,168,382,329,223,198,209,208,184,72,244,210,370,270,303,525,184,533,207,652,397,398,684,564,285,708,579
"126917",425,245,683,557,663,1155,107,121,110,103,412,76,804,331,450,311,197,231,205,647,456,429,245,277,331,221,123,327,207,333,240,465,849,212,543,48,507,392,788,888,498,263,419,407
"9923",568,530,1224,649,1023,1165,224,239,202,174,734,198,1424,630,857,510,426,435,325,872,667,567,440,475,534,324,164,594,471,675,522,697,1236,330,1058,105,877,680,985,1634,1166,600,896,694
"712",41,52,66,76,92,54,30,18,7,2,7,4,47,3,17,7,20,11,11,23,24,19,10,9,14,12,4,12,11,18,8,9,19,7,62,5,47,38,77,15,47,24,18,27
"714",6,7,16,3,13,17,3,1,1,1,0,0,4,2,0,0,2,1,1,2,6,1,0,2,1,2,0,1,5,1,1,4,3,0,7,4,10,4,15,3,2,2,0,4
"713",28,30,40,21,30,28,5,17,10,4,9,4,32,2,4,0,4,8,16,16,17,10,3,4,1,10,0,3,10,3,5,4,23,7,16,8,29,17,52,3,10,13,12,23
"11123",1485,910,2508,926,2155,2226,503,469,534,386,2036,681,2562,2229,3963,1235,951,772,1126,2576,886,905,1312,1136,1019,568,278,1652,1211,1523,1513,1191,2247,679,1568,142,939,551,1105,2689,1489,948,2171,1184
"100506985",113,86,210,80,193,195,40,41,50,34,119,44,209,149,262,102,62,53,72,189,58,69,100,81,63,47,15,112,89,109,105,83,175,66,145,14,91,49,102,261,136,87,202,100
"9528",1962,821,3293,1871,3227,2882,912,712,543,615,1012,376,2530,1025,795,774,776,800,484,1150,767,769,543,536,582,561,248,678,641,971,888,1173,1821,532,1700,636,2093,953,1242,2306,2121,1095,2676,2224
"1647",64,61,131,76,112,105,17,44,35,19,39,7,160,78,58,59,28,51,33,96,48,46,28,38,34,34,19,44,54,69,47,53,103,22,55,57,98,50,63,104,96,72,83,93
"2787",1314,830,1449,965,1527,1969,255,248,235,274,587,186,1954,707,717,708,410,588,397,756,774,432,431,470,406,376,207,635,386,623,766,495,968,346,1211,540,1682,968,920,969,1156,468,1149,893
"2959",385,165,674,381,670,505,233,158,105,102,170,74,401,209,147,160,154,182,76,278,137,125,84,132,125,92,31,165,101,156,204,198,349,120,456,148,490,235,351,659,518,322,693,575
"57463",209,154,361,180,397,442,92,85,75,78,166,84,335,265,444,161,146,122,180,262,174,167,171,137,212,87,47,234,156,184,188,178,355,97,301,30,198,232,310,459,365,148,293,234
"10542",465,150,560,337,545,510,119,58,45,44,85,49,473,131,113,125,123,185,73,244,136,143,61,109,116,110,64,131,116,183,149,215,310,86,304,98,330,184,221,331,298,133,459,427
"2210",406,243,426,132,244,820,101,163,48,30,114,46,718,203,115,186,80,472,154,277,323,147,125,106,67,124,68,147,187,172,316,106,301,83,207,47,1409,102,192,207,355,141,444,229
"338391",12,9,17,5,7,31,3,5,4,1,2,4,40,11,6,15,5,17,4,12,20,9,7,4,6,14,6,8,12,12,15,4,19,3,13,6,68,6,8,11,22,6,24,15
"100132417",177,95,132,64,86,444,39,58,17,15,37,22,270,77,57,84,32,191,67,111,124,47,49,34,27,48,22,55,97,64,113,40,111,28,76,11,746,47,81,66,111,30,122,113
"2209",549,469,403,262,293,1196,107,146,33,36,76,54,642,205,96,155,68,351,107,230,265,123,84,100,84,111,60,113,205,176,277,97,250,50,272,58,2148,163,268,212,386,122,260,336
"112268237",15,3,5,2,8,30,2,6,3,2,3,0,20,4,6,3,4,14,5,5,14,6,1,0,5,7,1,3,4,3,6,2,4,3,4,1,31,4,5,4,26,4,9,8
"8337",318,175,295,182,290,676,27,29,23,52,13,13,202,28,27,40,34,67,31,34,68,37,18,34,29,33,25,40,45,37,60,32,77,30,203,94,361,151,105,186,461,120,432,265
"723790",256,147,239,150,228,572,27,29,23,54,13,13,200,28,28,40,34,66,29,34,68,37,18,34,29,33,26,41,44,37,58,32,76,30,163,87,317,136,90,176,418,108,396,204
"8349",470,377,491,338,429,1087,60,183,174,230,271,68,1493,262,458,500,326,379,237,265,338,146,194,258,145,236,127,310,198,284,549,192,498,149,531,231,862,274,324,858,1109,459,1132,466
"8338",12,4,24,5,6,13,4,4,2,6,1,0,16,1,3,1,2,6,2,4,5,8,1,3,3,5,3,3,3,6,2,4,9,2,12,5,6,2,2,5,8,2,14,11
"5710",1580,926,1967,1358,2181,2527,361,259,209,230,517,215,1840,701,589,537,512,542,365,913,629,526,354,446,483,469,162,637,486,581,566,549,1455,358,1386,540,1880,990,1444,1438,1359,768,1667,1324
"6280",57521,13002,71419,29416,58100,62789,11736,8689,5975,8228,8134,4519,48049,10188,5500,14262,8613,18475,6904,13471,12155,6941,6269,9827,7530,8720,4850,9068,6809,11283,13464,14756,17246,7372,18144,14549,37923,11705,9384,27016,42260,14489,58081,60427
"6283",1759,257,2529,843,1480,1458,346,105,88,114,185,99,1339,337,121,613,215,502,138,446,184,151,156,460,190,183,147,204,162,272,678,477,324,239,474,461,1131,316,188,608,1801,442,1102,2139
"6279",11348,1096,21036,7606,15498,8187,3703,1844,801,1622,1093,980,5819,1590,643,2044,1846,4268,874,2570,1120,1149,671,1546,1159,1122,608,1279,1389,1610,2631,4378,3275,1244,2293,1459,4128,1146,1421,7120,7586,3904,15947,23225
"6277",5210,1938,4683,4284,5096,6166,857,694,410,770,1110,375,5304,1367,1052,1293,1326,2157,735,1807,1726,1222,912,1036,1094,1041,608,1124,783,1345,1223,1687,2838,847,2737,1816,5108,2237,2576,2786,3761,1199,4520,4811
"5872",56,30,45,17,36,40,10,8,5,6,17,11,86,55,26,19,21,23,14,35,21,17,9,16,25,24,7,31,13,31,33,29,48,9,33,44,39,38,61,30,24,32,34,55
"25912",1638,1016,2196,1370,2209,2309,493,417,377,331,748,240,1966,739,650,574,456,579,421,973,582,533,399,489,512,418,210,575,420,717,543,703,1296,375,1131,382,1408,808,1104,1591,1407,765,1692,1394
"2629",838,484,1048,653,887,1387,125,168,122,146,247,62,1185,212,268,337,156,276,168,320,520,205,218,204,264,260,136,271,193,308,223,268,578,205,779,356,1224,570,573,617,720,317,977,508
"9447",145,95,304,118,323,341,60,59,58,16,148,32,378,136,134,145,77,209,111,198,199,139,91,96,74,82,49,80,159,145,160,126,243,44,193,36,447,59,107,219,335,154,320,142
"2207",2509,1132,2037,1631,3220,2473,535,409,302,378,1119,436,3944,1590,959,1089,1037,1173,805,1401,1333,686,682,886,1058,807,391,1973,471,1442,1623,1448,2826,863,2029,1231,4042,1872,2762,1766,2455,1149,2610,1891
"777",89,26,83,37,75,126,6,23,17,16,40,12,304,38,10,34,20,79,28,44,111,29,43,20,15,44,21,77,51,29,33,8,78,25,61,50,238,46,16,44,91,29,156,54
"3586",5,1,5,2,6,1,3,0,0,0,0,1,14,2,4,1,1,3,1,2,3,1,1,2,0,1,0,5,0,2,2,1,4,0,0,1,2,5,3,2,2,2,5,3
"50486",22,16,21,12,12,22,0,1,3,6,3,3,21,9,1,5,0,8,7,9,12,8,3,4,1,2,5,4,7,3,4,10,13,6,14,3,27,3,3,22,38,9,39,27
"7100",647,203,713,275,395,442,154,138,149,78,131,85,1615,251,333,471,142,386,278,343,415,202,257,227,200,211,144,408,294,351,430,241,402,151,252,290,739,231,208,485,668,342,561,348
"29097",438,278,695,356,579,640,158,117,111,103,353,92,830,322,295,255,149,251,176,411,281,240,157,241,177,176,60,259,217,319,258,301,474,142,387,92,498,228,335,546,530,233,589,498
"9741",1608,892,2175,1217,2060,1900,608,490,414,401,589,257,2352,854,682,639,491,739,453,952,646,656,509,599,524,461,206,537,438,896,676,860,1431,368,1282,324,1540,796,843,1372,1375,669,1672,1112
"51639",346,104,633,297,628,415,150,78,54,51,152,42,208,132,83,101,91,114,68,155,60,65,43,59,64,47,38,66,61,90,113,166,203,67,196,87,227,108,181,454,322,200,567,462
"9540",100,55,96,64,122,105,18,10,7,15,22,16,75,27,28,27,17,34,23,38,28,33,20,20,34,32,12,27,16,30,20,22,49,11,55,25,120,60,47,70,70,24,63,105
"79623",111,30,61,45,45,49,10,5,9,6,12,0,167,7,58,33,13,38,15,17,53,17,16,10,9,35,15,25,25,18,14,28,39,24,16,33,83,16,10,17,76,38,87,31
"58484",687,350,846,466,727,757,223,174,192,200,304,108,2014,424,413,392,197,557,250,544,462,268,413,271,249,320,166,362,266,538,378,319,780,212,441,350,846,396,394,742,754,532,905,495
"822",1454,677,1290,666,1421,1625,316,196,206,205,241,89,1125,241,250,280,229,363,172,350,350,393,226,317,369,266,116,164,199,325,220,322,553,184,834,425,1731,1173,815,778,1187,267,764,1107
"10791",203,99,224,177,229,315,34,31,15,12,31,6,155,33,23,48,27,48,18,61,53,43,19,31,37,27,13,19,23,53,37,41,91,16,92,29,212,121,93,91,113,48,96,180
"112597",90,41,152,151,173,228,25,9,12,17,46,9,118,49,24,37,40,44,23,78,46,33,16,37,34,20,20,32,40,26,46,47,102,24,73,48,126,54,57,126,66,55,207,106
"541471",184,127,356,243,213,293,35,54,32,55,97,22,339,119,71,118,71,73,85,143,140,93,38,82,51,75,35,81,68,137,117,107,231,60,154,88,251,169,200,241,211,184,334,208
"27249",679,441,1166,586,1111,1009,317,255,245,202,580,206,1132,581,583,401,349,397,349,740,366,358,302,313,296,257,134,405,326,570,509,424,882,230,801,288,897,469,610,888,842,464,1209,734
"7130",358,86,163,84,453,366,64,436,86,149,108,64,643,173,65,107,115,575,85,187,347,127,89,61,41,100,92,128,193,158,298,230,314,113,158,83,366,34,101,104,280,139,525,328
"4709",222,36,362,154,318,193,108,51,16,22,62,31,129,52,53,41,53,71,26,92,43,31,31,40,31,41,19,52,42,59,80,113,112,47,63,56,109,52,83,198,199,137,320,313
"140739",542,236,576,440,473,658,138,108,110,84,313,121,634,362,346,223,139,181,151,471,244,230,161,211,202,127,68,250,157,282,313,220,479,114,323,157,413,246,415,423,369,263,400,411
"25992",206,164,302,185,372,363,55,59,58,39,152,47,224,193,221,98,105,87,67,195,108,104,122,77,118,64,35,129,110,154,121,115,231,74,257,27,159,156,202,398,308,230,312,189
"5468",2,11,9,8,10,1,5,3,1,0,0,2,6,2,6,2,1,2,0,5,1,2,0,11,0,7,0,3,0,3,1,4,5,0,2,3,13,4,4,4,6,6,0,3
"4615",4006,2370,4130,2390,4203,5400,806,1046,994,822,1575,515,8344,1820,2089,2173,1289,2129,1389,2351,3154,1520,1369,1537,1549,1726,868,2040,1161,2195,2173,1600,3658,1180,3299,1330,5393,2300,2727,3600,5442,1891,4548,3071
"64422",1019,442,1470,741,1467,1186,456,331,251,270,751,234,1789,703,667,652,425,690,421,874,560,408,377,478,376,319,216,567,408,756,784,657,1035,302,715,257,1122,427,548,1231,1297,756,1758,1119
"1475",437,83,813,338,614,273,177,55,25,41,72,51,222,98,75,86,94,121,41,129,41,59,22,54,57,35,22,37,35,86,97,174,170,53,212,200,290,153,164,305,273,172,703,633
"57461",436,253,613,417,611,631,139,109,80,65,146,85,505,214,197,165,159,170,99,228,173,141,125,143,110,108,53,169,133,202,173,196,372,101,370,102,403,248,312,483,394,241,568,453
"5359",864,341,953,438,576,730,302,574,232,155,516,186,3686,654,737,787,333,911,475,723,1054,559,446,331,298,492,358,457,455,1018,1227,355,1304,340,552,155,1398,345,302,560,887,601,823,488
"2992",768,356,916,483,858,986,268,230,172,83,366,207,1660,436,442,340,294,503,321,601,641,381,287,392,372,349,198,401,348,586,437,462,890,207,629,389,992,658,649,633,887,319,610,576
"131540",16,2,26,15,23,40,3,5,3,2,3,1,14,2,6,1,5,1,0,1,6,2,1,0,2,1,1,2,1,7,5,3,12,2,13,11,21,12,12,8,16,1,9,11
"105374304",28,8,29,14,35,33,3,3,3,4,12,2,39,20,14,11,7,7,4,19,15,7,12,3,5,17,7,21,13,10,7,4,11,5,17,11,37,10,16,7,26,9,22,8
"683",1449,593,1450,550,1398,1512,354,375,274,331,528,252,3383,744,571,897,551,997,429,664,708,457,557,548,403,534,338,703,393,787,714,572,994,473,1036,556,2295,700,568,1018,1565,642,2380,1169
"105374545",7,0,6,2,2,1,0,0,0,0,0,0,4,0,4,6,0,3,7,8,2,2,4,1,1,5,0,2,4,4,1,3,2,0,0,1,4,1,0,1,13,1,5,0
"306",807,127,913,221,534,475,125,213,46,119,191,107,763,169,172,317,180,395,223,369,254,132,137,256,111,165,115,294,185,328,395,333,335,186,242,302,594,133,126,307,985,313,1008,456
"3148",960,389,2037,1000,1504,787,478,213,154,175,390,140,1180,416,326,247,385,434,217,390,217,256,243,236,182,188,117,262,279,416,349,484,674,180,547,595,510,243,327,1460,1380,700,1686,1269
"105377587",32,11,43,11,25,37,4,2,3,2,12,2,57,11,13,14,5,19,13,29,11,6,11,9,6,11,6,9,13,14,11,14,16,6,29,14,58,5,8,12,35,6,45,19
"731424",166,42,210,41,139,166,23,30,18,13,58,10,293,62,56,70,30,118,51,106,52,35,58,42,22,49,39,32,68,70,98,68,90,45,116,81,266,26,35,47,150,40,201,133
"100506229",6,3,13,2,0,4,5,4,0,0,7,6,12,0,3,4,1,7,0,6,5,2,1,1,2,1,0,3,3,4,6,1,8,1,5,1,18,0,0,4,13,1,7,10
"6507",11,4,21,12,12,11,3,5,6,0,10,6,43,9,13,9,5,11,5,11,14,3,9,5,8,13,0,11,7,8,9,8,10,4,8,4,16,9,0,8,30,4,3,7
"441081",782,162,683,329,363,288,34,49,18,54,103,27,425,56,298,96,60,318,170,108,78,98,45,298,137,131,126,220,132,324,135,71,338,41,470,59,487,194,146,331,1433,123,300,142
"101929599",246,87,456,127,206,193,20,32,12,23,69,25,280,45,146,64,51,136,97,73,52,60,38,121,67,87,45,128,62,197,91,48,186,29,141,41,272,134,79,212,436,59,155,98
"112267942",162,68,222,100,131,210,42,44,27,26,113,25,381,99,183,134,66,97,87,100,126,61,88,98,82,144,49,106,66,179,128,102,273,38,94,24,262,72,54,170,258,51,172,112
"2745",944,369,1648,916,1510,1297,413,284,169,167,204,109,883,329,282,272,277,459,172,499,240,255,138,262,211,204,86,290,206,347,345,420,514,121,379,146,600,251,383,830,768,521,1472,973
"4001",1311,579,1627,706,1516,1277,224,368,252,254,715,240,3174,789,917,799,580,1134,566,753,832,647,537,611,411,569,283,795,661,961,911,758,1274,455,760,365,1612,514,470,1181,1816,641,1875,1230
"6583",483,123,316,145,453,366,51,70,46,91,211,49,579,167,142,161,129,212,132,220,265,117,118,112,87,193,81,165,87,306,214,164,430,116,271,235,510,133,154,217,450,169,468,243
"26249",91,74,228,103,143,170,41,39,53,27,205,51,177,203,255,87,81,55,74,159,91,113,132,88,76,44,32,135,107,145,85,80,166,79,215,12,95,80,101,325,187,116,212,129
"84418",454,181,493,232,400,677,57,106,71,71,56,45,435,122,129,178,151,188,75,241,181,107,101,113,82,171,75,142,92,135,196,178,280,83,251,230,438,124,166,249,627,155,538,345
"8992",2718,1274,2991,2014,3141,3729,605,480,348,444,991,380,3124,982,779,889,707,869,594,1416,830,674,475,676,724,607,288,709,538,864,924,1020,1780,609,2192,1155,2825,1351,1714,1962,2122,990,2910,2087
"90249",42,13,39,29,38,28,5,2,2,4,1,5,61,11,6,13,2,9,3,12,13,4,5,9,3,14,4,12,7,17,7,6,17,9,12,9,42,15,14,26,28,13,31,15
"3101",2559,1156,2877,1738,2815,2212,457,341,337,415,202,104,2883,296,260,430,373,604,207,501,576,416,310,325,418,486,197,419,307,502,353,404,891,308,1195,677,2560,1518,936,1664,2854,712,2110,2000
"53917",2394,970,3182,1506,2846,3782,400,347,297,314,239,99,2221,385,251,458,365,694,249,426,674,343,253,302,351,420,188,528,438,403,336,456,886,308,1280,565,2778,1017,877,1537,2037,839,2521,1815
"27166",1323,683,1585,874,1309,1908,253,159,216,219,312,144,1395,386,308,339,323,413,267,522,481,281,225,287,339,238,121,280,248,396,286,459,711,236,859,275,1258,719,662,1029,1228,563,1201,1053
"83463",1091,555,1357,731,1157,1555,175,124,156,161,245,130,1039,277,232,306,256,318,213,370,380,223,186,212,224,223,97,255,210,309,222,347,543,177,699,242,1152,591,569,742,971,423,1051,808
"9509",8,2,3,1,12,0,0,0,0,0,0,0,88,1,0,1,0,0,0,0,0,0,0,2,0,9,0,1,2,0,0,1,1,0,1,113,1,4,0,0,1,0,1,2
"1992",4373,1983,5509,2389,4416,3912,1094,1177,766,842,2508,670,6711,2216,2267,1893,1211,2126,1315,2898,2275,1445,1635,1550,1168,1225,637,1799,1595,2930,2150,1858,3684,968,3132,1449,5223,2026,2205,4174,3343,1844,4428,3385
"3017",101,78,134,92,125,227,14,20,29,37,112,22,134,61,66,131,40,97,63,59,123,40,61,43,35,55,28,101,33,62,76,58,138,62,120,27,161,40,101,79,310,55,315,44
"8360",11,8,24,5,13,25,1,2,0,2,0,0,15,0,1,9,5,5,2,5,9,1,4,0,4,4,5,8,2,3,3,4,10,4,9,5,10,7,12,12,37,2,50,12
"8351",24,26,46,18,17,56,3,9,9,7,9,4,41,7,5,12,11,10,8,10,15,5,7,8,6,6,6,7,5,9,10,5,18,7,23,11,34,15,13,19,72,18,129,38
"85236",636,569,594,475,509,1457,77,156,154,197,377,105,1198,305,527,383,353,477,274,383,406,236,204,214,234,222,147,460,234,358,526,156,677,158,660,398,1202,514,479,420,722,248,1097,559
"10211",3894,1521,3152,2208,3972,5181,430,616,501,455,1194,346,5704,1216,1230,1383,895,1397,893,1287,1758,938,705,743,931,761,474,1389,807,1018,1286,1035,2406,900,2945,1334,4017,2070,1844,2224,3902,913,3867,2819
"23564",344,120,332,206,363,480,38,36,33,25,47,13,249,48,50,31,41,66,30,54,99,63,26,56,63,72,28,44,27,65,40,65,114,39,171,68,331,143,158,147,293,84,241,261
"1192",7025,3449,7735,4894,8478,9373,1471,1353,1020,1066,1441,579,6061,1824,1252,2008,1190,2160,1048,2531,1640,1481,814,1435,1369,1260,651,1366,1114,1951,1948,2008,3253,1074,4221,2065,6173,2745,3545,5085,6308,2476,7249,5519
"116369",196,33,99,75,100,98,18,27,17,10,29,12,296,52,58,88,35,118,56,95,93,67,74,66,41,76,34,86,77,126,81,107,102,42,80,93,356,41,57,77,269,59,119,114
"105375034",25,4,18,3,17,17,3,2,1,1,3,3,27,6,7,6,8,12,5,6,12,6,9,5,2,15,7,19,8,10,9,7,17,6,14,9,33,8,3,6,31,7,15,9
"1347",403,162,703,402,773,544,165,80,59,67,101,57,216,100,111,70,71,91,41,172,43,67,39,59,75,32,16,60,68,64,87,146,169,57,178,56,190,104,171,370,252,143,463,549
"383",67,28,133,26,82,31,41,57,32,31,51,17,124,58,25,43,33,42,7,49,40,34,40,100,18,85,37,46,54,92,78,76,144,27,163,381,44,26,36,78,305,64,195,88
"8876",775,454,810,316,295,404,91,271,95,121,207,69,828,245,298,555,181,252,125,193,271,153,253,226,120,315,159,279,141,715,141,407,318,158,222,167,222,164,128,721,554,201,857,196
"101928429",98,77,118,74,102,123,31,25,29,28,36,16,180,56,44,71,37,45,29,66,55,41,43,49,29,48,14,43,29,70,69,47,92,35,80,43,90,39,29,137,88,101,124,115
"10981",588,286,610,376,610,668,128,102,104,138,120,71,730,238,184,169,140,192,114,164,189,146,149,152,143,161,68,151,107,215,166,162,322,106,354,183,549,311,222,397,569,216,522,436
"5110",589,325,1046,579,1025,734,327,220,184,186,459,130,1039,422,375,293,236,332,181,472,257,309,205,227,225,185,96,250,253,372,388,405,680,183,511,153,581,325,424,668,726,371,833,696
"6993",743,267,950,634,970,1011,236,147,101,123,148,87,1280,330,235,282,241,361,117,383,337,182,253,211,193,223,61,289,198,323,320,320,519,161,425,199,679,338,332,596,574,300,908,666
"113402",497,288,737,413,833,650,151,161,124,124,297,78,658,239,232,255,183,269,122,297,251,196,157,197,157,172,69,230,215,297,240,239,494,138,351,93,396,218,228,453,473,199,572,409
"2852",10,11,10,6,25,24,2,0,0,2,4,0,9,0,0,0,1,3,5,7,5,4,3,3,4,6,1,2,5,3,1,7,6,3,7,21,8,7,10,7,17,10,9,4
"5683",577,213,978,576,914,686,314,158,116,99,208,109,356,180,138,138,153,171,99,265,114,178,87,133,135,57,35,99,124,171,146,274,395,95,296,64,276,191,246,640,458,271,736,726
"7378",505,253,576,372,568,680,121,89,70,72,180,45,634,151,161,138,135,184,95,289,252,124,99,121,141,123,70,190,115,209,189,179,330,86,339,121,502,388,326,368,562,144,487,381
"23601",52,38,108,41,60,87,31,27,37,11,68,17,314,88,74,45,15,70,60,84,80,21,54,86,33,96,15,83,27,131,62,37,59,24,82,40,131,47,47,39,185,47,74,61
"6604",479,265,708,395,501,635,71,67,57,67,66,49,760,99,89,132,68,162,59,131,131,81,96,123,93,117,40,137,96,137,84,103,191,93,245,106,622,286,197,346,351,170,372,371
"91782",1546,1109,2428,1313,2436,3203,410,438,436,347,1367,404,2160,1342,2061,786,684,686,641,1480,830,794,799,711,858,490,253,1133,841,1031,921,851,1741,658,2193,239,1527,1127,1763,2640,2161,826,2183,1530
"23643",498,100,672,209,498,395,135,89,54,85,106,41,324,90,77,113,63,165,65,174,96,66,77,64,70,67,27,111,76,100,101,143,151,54,104,82,220,87,57,301,316,198,795,476
"105375769",9,1,10,5,6,11,2,1,1,0,11,0,11,5,0,2,1,4,0,4,10,2,3,2,1,2,0,4,4,5,4,4,7,2,6,4,8,0,1,5,17,10,11,7
"2907",2561,2183,2389,1338,1911,4407,227,387,279,301,466,175,2738,666,533,654,527,668,350,1037,1008,433,334,501,562,442,354,539,446,617,659,437,2084,362,2653,1810,3164,2356,4023,1780,1881,1695,2018,1843
"375686",17,8,16,10,9,10,0,1,0,0,3,0,18,10,6,13,6,4,1,11,10,4,1,0,0,4,1,4,9,13,2,3,13,5,25,11,10,14,6,5,7,2,18,6
"26873",133,22,59,33,67,92,3,10,7,5,5,0,99,9,4,16,5,25,10,5,38,4,11,8,8,23,5,19,13,10,6,10,47,3,67,16,138,27,30,27,139,10,172,59
"301",3629,930,7234,3652,6197,3121,2806,1117,748,774,1757,685,3343,1344,1156,1067,1151,1211,460,2170,594,1346,561,1246,1109,658,345,860,645,1329,1305,2005,2705,714,2240,571,2297,1392,2071,6327,4293,2242,5308,3924
"7295",598,115,687,348,665,431,155,90,53,57,84,29,412,167,73,125,91,196,52,145,88,96,48,94,70,80,35,96,117,128,110,174,227,88,238,209,304,147,205,334,329,181,670,653
"2040",1392,1078,2505,1870,2132,2988,675,509,437,421,978,335,2486,1232,1124,912,721,893,646,1940,1640,1365,488,1237,796,625,339,924,713,1513,1193,1429,2523,508,1106,513,1626,878,1510,2129,1308,761,1377,1210
"3934",112,300,705,84,62,131,76,38,9,99,39,28,228,99,72,87,26,70,45,174,46,52,77,421,91,146,38,37,149,91,48,14,163,19,166,849,167,73,144,84,207,76,85,237
"5209",1088,420,1452,581,950,1128,140,211,175,221,420,103,2435,357,538,595,288,693,445,575,666,406,375,391,341,333,291,571,404,705,509,461,826,409,686,413,1172,488,436,873,1819,531,1271,779
"55301",6,1,12,4,7,4,1,0,0,0,6,2,54,8,5,1,2,5,1,11,9,4,6,0,1,3,0,1,4,0,11,4,4,1,6,88,18,1,0,3,7,3,13,15
"22921",232,138,330,160,306,405,31,35,38,37,83,34,366,36,57,77,44,81,38,50,107,60,49,53,54,65,30,91,51,71,77,87,173,61,218,80,255,101,128,168,122,60,286,194
"220929",418,173,469,231,315,507,83,105,61,54,265,72,826,207,265,295,131,328,179,255,362,142,207,148,122,173,95,237,183,300,176,166,383,157,316,129,756,224,211,320,486,219,499,219
"23522",356,298,621,415,584,635,137,128,123,132,636,118,1087,538,906,387,244,301,333,598,466,428,356,327,326,239,138,533,330,602,439,444,976,268,525,72,429,294,491,935,479,389,541,354
"51207",5,1,6,6,3,2,1,1,0,3,0,0,11,1,1,2,0,1,0,2,14,0,0,3,1,1,3,1,0,1,2,1,1,1,1,2,9,4,1,1,14,7,3,6
"340654",9,17,19,10,11,29,4,9,2,2,3,2,36,22,6,9,4,23,3,13,15,7,6,6,3,8,4,5,5,16,14,8,13,4,15,2,55,7,5,11,13,3,18,11
"118932",59,58,74,54,85,181,17,31,12,17,35,10,144,47,25,37,17,105,28,38,68,29,15,25,16,32,9,35,34,70,61,34,41,16,34,23,234,34,15,47,70,34,55,76
"9446",718,361,893,568,988,1028,226,121,98,126,227,108,639,275,236,224,204,246,129,393,218,253,161,212,223,162,61,161,178,241,296,291,557,115,513,199,861,362,501,560,568,293,794,826
"3983",2068,1404,3373,1777,3118,3944,561,764,760,669,3043,881,3295,2816,5106,1454,1273,1329,1689,2824,1463,1385,1869,1436,1676,729,512,2509,1635,2106,2133,1586,3362,1216,3021,233,1974,1364,2447,4550,2573,1623,3050,1803
"8519",8537,3523,8877,5958,7294,16891,1269,2017,858,1215,1756,729,9289,1663,2251,1925,2009,2862,1635,3851,4137,2208,1304,1772,1722,1656,1050,1823,1846,1546,2916,2343,4250,1449,5108,3136,11332,5123,5659,3661,7650,2864,8414,7055
"10410",7739,4709,2591,3256,10361,5912,454,2554,850,175,1099,348,7488,855,469,308,413,2254,1082,1514,1063,1079,1012,282,1185,1182,1129,201,391,703,2052,1647,4936,2037,7651,5051,17895,459,4980,1941,2277,4441,9867,5403
"133",851,144,568,286,524,850,68,218,97,133,213,102,1287,192,314,377,215,525,237,351,494,159,193,159,106,231,153,296,285,419,386,257,446,154,370,193,962,227,198,304,1054,227,834,504
"10553",723,323,936,558,946,1036,208,178,133,154,236,120,1137,429,331,342,264,381,207,429,424,241,209,239,196,269,118,353,262,381,321,328,583,180,604,345,814,398,525,779,792,326,847,712
"966",898,498,1110,619,996,1329,338,350,265,213,573,219,1721,525,588,452,288,611,453,720,778,418,357,402,306,433,287,565,478,559,612,531,1088,307,926,409,1228,431,637,1019,1147,483,1042,783
"64231",2334,860,3197,1481,2408,1650,1134,483,465,441,653,288,3365,814,830,1015,534,826,336,1038,523,528,631,892,590,654,218,718,480,1023,910,698,1315,311,1093,447,1826,1194,831,1989,2569,1088,2252,2084
"51338",85,15,63,33,51,42,47,13,15,6,7,18,122,41,25,30,19,20,18,63,18,19,12,16,21,16,9,15,16,22,52,24,67,11,22,18,32,28,31,59,34,8,51,58
"105369402",30,8,24,12,25,14,4,4,0,2,8,14,30,16,5,10,3,7,3,5,12,2,9,6,0,12,3,9,2,15,15,1,10,2,1,6,19,11,5,9,11,3,11,6
"4317",52,107,424,25,19,14,105,31,4,44,31,22,175,61,48,60,17,71,22,167,21,24,34,204,42,85,36,16,109,91,39,26,91,13,45,168,30,24,38,78,145,62,39,89
"837",2795,800,3420,1651,2900,3079,706,668,368,361,1772,516,4461,1589,1274,1385,1031,1758,928,1924,1450,981,950,891,831,836,482,1347,984,1540,1604,1492,2717,850,2544,1067,4796,1617,1571,2354,2865,1493,4051,2423
"838",176,23,214,56,74,189,33,73,20,10,58,22,165,69,43,58,28,97,85,77,42,19,51,54,35,42,7,27,48,61,84,73,105,31,84,46,336,47,48,88,208,79,118,76
"114769",386,77,647,335,544,310,244,108,57,52,272,116,830,259,192,196,189,347,179,341,216,191,194,180,159,171,57,229,218,321,267,287,428,114,258,124,553,188,204,355,404,316,729,676
"440068",60,16,71,42,74,79,25,28,12,9,30,15,169,63,48,37,26,79,41,54,60,52,40,30,23,32,9,43,96,37,51,41,81,23,46,3,172,21,24,43,97,65,58,45
"399972",92,29,89,38,67,89,9,12,12,9,10,4,99,9,16,39,21,43,22,28,39,20,28,13,16,25,8,22,23,21,34,29,39,6,40,21,70,30,18,35,101,17,89,53
"6484",620,234,608,304,455,676,63,82,62,83,76,39,545,79,101,175,119,197,109,148,215,107,111,88,99,97,65,157,107,176,135,117,265,76,302,153,597,200,234,384,645,164,512,365
"2597",16616,9115,13931,10155,15679,20569,3534,2656,2595,2804,4566,1652,16917,4193,4946,4473,2926,4776,3013,6819,6806,4379,2916,4492,4777,3642,1933,4607,4076,4580,3991,4393,8864,2621,10526,4978,19133,12037,10392,9700,11289,3975,9344,10569
"719",532,215,544,268,882,602,327,95,150,56,114,78,747,276,408,474,227,333,173,440,414,221,332,130,305,459,107,292,218,348,487,246,371,84,172,249,932,368,291,641,567,221,191,289
"338339",128,54,241,100,129,84,78,88,64,54,84,23,383,103,60,142,46,157,48,75,62,44,51,69,38,62,69,61,41,142,183,95,112,56,99,92,128,30,43,120,329,117,283,167
"79887",3638,2215,4818,1659,4092,3675,1107,805,940,927,1807,502,12285,2154,1942,2425,1463,2564,1360,2324,2618,1458,1789,2119,1327,2033,891,2211,1512,3397,2365,1905,2914,764,3125,2791,4950,3151,2090,3012,5636,2258,4590,3428
"101928317",155,88,217,91,189,158,29,20,24,27,42,5,260,23,31,47,30,67,20,42,55,30,26,34,29,48,16,32,36,55,45,40,63,15,101,77,179,108,80,119,221,82,194,151
"4257",155,76,220,138,256,124,88,19,27,36,50,25,440,100,88,121,54,84,36,169,51,68,74,83,65,100,15,88,28,111,86,72,111,37,113,39,265,126,68,85,92,50,105,93
"53831",28,19,27,15,15,23,1,5,4,5,1,8,58,10,8,11,9,9,3,12,17,4,8,23,2,10,2,8,10,23,16,6,12,5,18,8,53,20,5,4,16,1,14,14
"196410",5,3,1,4,4,3,1,0,1,0,0,0,5,0,0,3,0,1,1,6,2,2,0,1,2,0,0,0,2,0,3,1,3,0,1,2,0,0,6,1,1,1,1,1
"3679",16,9,19,18,25,10,2,1,2,4,0,0,3,7,4,0,3,4,2,7,5,1,3,7,4,0,0,3,2,2,4,5,7,2,8,11,14,13,13,8,11,3,9,10
"100528022",267,126,331,274,409,411,41,37,21,30,40,21,165,57,41,51,51,76,32,79,58,55,18,45,60,34,23,41,29,57,49,72,127,34,173,62,200,122,157,170,191,79,214,227
"2647",367,166,408,333,497,500,75,59,37,62,46,40,259,95,90,89,80,131,51,169,94,102,42,89,80,62,39,74,57,99,79,110,209,54,208,86,219,147,189,235,209,99,257,315
"967",2084,1153,2358,1728,2637,2971,443,384,311,425,938,274,2758,850,765,769,623,1085,569,1221,1380,782,639,663,798,809,393,907,548,1108,752,1059,1764,529,1897,889,2632,1675,1688,1609,2035,819,1910,1646
"140465",112,40,39,40,330,104,2,14,1,10,25,12,95,8,27,7,13,14,7,52,19,6,10,14,11,7,7,15,12,22,14,55,64,19,49,21,54,19,153,210,204,100,284,116
"4637",5732,2053,8000,5578,8272,6663,1638,938,432,801,1008,631,2936,1690,764,1039,1162,1391,560,2329,763,959,439,805,1001,653,349,700,730,1070,1299,1996,2705,818,3427,1758,3502,1776,3026,4616,4131,2643,6641,7795
"55332",340,180,416,234,397,365,123,91,81,74,123,46,792,204,161,194,127,226,127,250,197,113,151,117,122,177,45,170,131,254,128,164,333,75,225,94,393,125,134,310,456,201,396,283
"10094",4560,1691,6264,3378,6417,5039,1540,999,640,685,2033,708,4899,2027,1649,1611,1456,1800,993,2425,1536,1254,1047,1314,1095,1072,458,1527,1181,1816,2024,2083,3611,1016,3930,1627,5522,2647,3180,4522,3712,2461,6503,5034
"1337",691,345,932,633,954,983,138,76,48,70,96,78,355,145,122,109,122,147,81,213,116,138,56,85,133,73,44,99,85,111,127,218,308,90,455,144,440,301,374,495,446,205,658,609
"51371",351,152,487,292,496,440,140,55,38,38,192,87,388,214,192,154,162,198,112,325,162,154,132,111,119,107,50,143,158,155,182,209,396,83,322,82,524,285,366,294,180,148,385,373
"55647",154,68,165,102,94,167,20,31,24,32,17,7,372,19,41,42,15,50,23,50,79,42,45,23,44,18,25,30,27,77,33,29,99,28,85,60,225,105,43,120,80,54,92,132
"2621",128,63,133,44,113,139,12,8,21,10,11,6,47,13,19,18,16,14,14,29,32,17,19,13,19,11,6,21,22,9,21,12,48,13,73,4,114,55,76,65,91,21,52,46
"6035",28,2,3,1,3,4,3,1,1,1,8,1,13,1,0,2,0,1,1,3,5,1,0,0,2,5,1,5,1,0,4,4,8,1,2,5,17,4,9,5,2,1,9,3
"643332",13,3,28,19,11,5,5,3,2,2,0,1,13,7,3,14,3,7,0,11,3,6,3,11,9,3,1,4,1,9,4,4,9,0,5,10,12,7,10,7,21,14,18,10
"6036",280,89,647,251,278,177,112,232,33,32,42,25,311,75,44,109,22,132,62,153,30,45,43,111,177,62,6,85,51,44,78,53,92,29,156,226,366,87,195,185,380,95,220,156
"5687",721,258,1040,668,1085,781,297,156,128,107,146,85,392,197,184,117,109,188,104,369,122,185,91,163,149,70,30,131,118,188,173,252,325,98,324,64,270,167,299,808,490,320,771,692
"51382",335,186,680,307,523,346,171,127,98,99,230,68,472,212,196,185,144,186,100,285,112,140,110,131,105,118,44,178,122,195,225,200,381,124,383,146,448,250,409,511,375,274,733,425
"10538",141,93,255,168,274,373,28,28,16,15,49,16,107,20,42,22,31,33,18,86,44,53,8,34,50,26,11,28,37,26,41,57,125,25,83,31,190,106,176,120,97,49,105,126
"55640",118,61,176,93,162,109,54,22,25,33,89,16,409,58,85,102,40,74,44,117,80,68,74,48,54,59,30,82,48,115,88,61,157,23,104,32,218,77,93,138,128,75,101,120
"3429",59,24,28,42,17,38,5,12,7,6,10,7,192,18,6,11,12,15,11,23,17,12,3,15,1,8,19,7,8,15,40,7,80,0,43,42,85,17,81,15,12,60,18,51
"9556",265,85,423,306,424,309,118,40,28,55,53,23,145,66,38,32,47,71,36,103,35,63,39,41,70,36,12,48,39,66,48,115,126,47,108,28,78,39,116,245,154,96,297,414
"55505",864,331,879,639,1027,1139,165,104,72,109,225,81,599,164,128,174,153,212,94,286,108,114,43,113,102,145,70,116,127,129,209,221,477,159,672,235,886,285,423,518,657,272,1020,768
"51103",225,134,332,171,294,304,85,54,41,23,176,27,292,105,127,108,83,102,67,139,86,95,62,72,70,67,32,136,81,107,87,144,221,41,190,76,253,145,173,214,198,95,237,164
"58472",1568,912,1650,1047,1761,2334,301,410,268,332,633,264,2883,952,811,846,597,1000,628,976,1135,612,583,687,549,601,295,769,536,959,883,689,1488,444,1306,701,3017,1091,1055,1431,1700,779,1976,1227
"388121",0,0,1,0,0,0,0,0,0,0,0,0,0,2,0,1,0,0,0,0,0,0,0,0,0,1,0,0,1,1,0,0,0,0,1,0,0,0,1,2,1,0,0,1
"1588",0,2,0,0,0,5,0,0,0,0,0,0,1,1,1,0,0,0,0,1,0,0,0,0,0,1,0,0,0,0,0,0,0,0,1,3,1,0,0,0,0,0,0,0
"9325",404,196,584,325,611,523,151,86,90,87,213,67,460,246,207,164,118,164,96,246,136,170,122,144,121,131,58,185,145,184,192,202,353,79,422,117,486,287,369,558,393,294,560,385
"597",574,85,1238,329,691,401,212,181,73,117,243,90,393,168,90,171,104,250,83,178,85,76,59,124,108,55,33,122,117,174,254,348,267,88,191,133,245,67,143,763,733,461,1491,899
"8120",3,1,10,12,2,15,3,0,3,3,0,0,7,4,3,14,1,3,6,4,5,11,2,1,1,1,4,1,2,1,9,3,19,1,9,8,8,0,8,1,6,3,7,3
"105370969",39,18,38,19,24,17,2,1,1,0,0,1,30,7,3,16,4,19,7,6,17,10,9,5,11,11,2,29,14,17,3,8,11,4,13,7,29,22,9,18,8,5,17,7
"51108",2060,1244,2694,1618,2885,2714,895,522,541,581,1528,480,3920,1626,1594,1232,786,1576,850,1979,950,926,922,1134,841,886,392,1073,852,1707,1106,1347,1946,524,1716,712,2305,1211,1268,2143,2637,1138,2533,1928
"80270",31,12,29,33,48,44,9,6,3,3,0,1,36,3,7,6,7,6,8,7,12,9,11,7,11,12,7,8,11,7,10,4,19,6,12,9,47,22,18,18,18,16,29,24
"79650",1193,664,1410,817,1219,2043,192,304,233,217,313,134,1925,388,372,475,406,542,353,651,856,481,385,382,370,366,262,535,483,546,455,461,882,365,954,484,1677,806,762,995,1769,489,1392,840
"51192",444,140,655,376,572,528,162,131,88,106,112,61,519,168,136,210,128,265,96,217,160,125,126,124,107,117,74,138,122,231,171,269,368,110,256,134,412,147,171,461,454,201,801,466
"100529251",329,99,504,273,423,387,100,79,52,60,47,42,329,100,95,130,85,187,56,138,93,91,73,64,64,80,47,80,76,136,106,176,228,81,161,98,259,119,106,325,302,141,604,378
"9057",955,631,1650,822,1542,1820,347,331,349,248,1068,288,1781,953,1530,694,532,535,560,1167,653,625,688,584,685,467,208,916,688,830,802,695,1492,418,1413,149,1031,758,1038,1699,1542,732,1530,838
"84138",700,491,1206,605,1128,1329,239,229,249,185,701,186,1201,650,1017,489,370,375,365,782,438,418,452,397,449,311,137,592,452,557,520,459,978,268,1017,111,737,570,772,1154,1035,503,1045,611
"3240",174,62,342,84,50,87,32,11,11,19,18,28,410,55,37,72,42,97,54,49,33,50,17,129,64,109,15,36,25,83,84,80,62,46,35,170,454,91,93,51,80,27,42,100
"3250",10,4,28,8,8,7,5,1,1,2,6,1,51,5,3,7,10,8,7,7,4,3,4,9,8,8,3,2,4,4,6,10,9,4,1,4,16,9,1,2,2,3,3,6
"9605",479,303,775,482,760,1082,71,68,51,47,110,29,465,81,91,100,96,139,52,125,192,118,62,82,106,92,51,120,106,84,119,115,250,84,362,98,793,308,356,428,430,148,420,451
"433",254,78,257,132,192,174,60,31,35,21,12,15,280,46,62,91,40,74,29,168,84,41,65,80,105,53,15,72,24,74,73,75,112,22,88,39,284,140,74,112,138,42,116,157
"23164",1362,949,2634,1561,2299,3098,562,464,484,313,1557,375,2361,1303,1809,1219,835,658,748,1631,1401,1165,765,931,1118,762,347,1055,945,1198,959,1152,2282,710,2047,287,1659,1071,1870,3070,2436,1160,1839,1449
"6388",576,348,777,468,770,941,148,120,77,106,258,90,706,255,210,223,169,240,120,288,237,207,105,177,156,145,73,180,172,238,231,292,487,137,541,173,586,368,462,517,580,238,665,485
"84313",355,208,434,313,440,533,100,59,53,38,76,33,278,88,101,81,85,87,53,146,87,95,43,96,92,59,19,67,72,99,81,88,196,66,254,71,322,200,230,351,267,140,302,274
"1845",550,343,672,351,564,626,204,100,133,114,290,119,1408,294,393,350,192,342,200,486,352,214,277,290,246,284,124,335,258,435,395,283,551,181,343,121,763,336,341,739,607,303,628,445
"23131",936,719,1650,1101,1593,1932,269,265,326,292,1410,286,2223,1150,1684,900,578,683,687,1437,1060,885,694,735,703,676,262,1090,640,1172,887,944,2015,513,1463,236,1218,943,1242,1994,1304,801,1361,917
"284021",421,195,804,403,925,374,101,79,88,47,207,46,1062,200,228,269,189,138,152,342,172,201,186,158,125,210,32,275,115,265,176,162,417,99,293,202,532,221,185,333,458,183,753,392
"105371873",1,1,7,3,10,3,0,0,3,0,1,0,8,6,2,0,6,3,1,10,2,6,3,0,3,4,0,2,3,8,3,2,12,1,4,3,16,2,5,6,2,2,7,6
"57690",1080,554,1960,1226,1943,2285,231,222,207,212,1040,261,1691,859,1535,702,493,487,615,1090,857,784,594,605,555,415,235,914,586,804,672,707,1480,425,1015,162,1050,713,1052,1789,1023,638,1081,805
"9021",954,281,733,277,400,848,104,296,134,91,299,99,1107,173,251,360,117,399,244,483,332,144,275,92,187,125,119,228,242,247,295,138,488,156,421,132,1327,262,234,492,787,148,724,369
"8632",390,144,529,156,343,419,35,53,41,32,73,26,419,64,101,106,49,127,48,133,168,74,71,59,64,78,39,92,99,104,94,101,196,56,274,105,528,164,125,238,391,104,326,207
"4097",444,268,555,369,600,624,79,48,81,76,100,39,734,158,181,168,102,155,90,217,199,124,93,162,147,214,45,207,133,217,152,165,303,94,289,162,499,262,305,282,442,160,287,311
"10627",4431,2238,6373,4060,6537,7057,1805,1071,796,776,3212,1238,6728,3680,3484,2255,2368,2827,1862,5009,2946,2410,1767,2509,2078,1651,856,2567,1856,3261,3080,3279,5748,1532,4352,1732,5921,3341,4344,4710,3975,2183,5398,4439
"104968399",1100,604,1661,1023,1733,1789,320,188,141,142,547,205,1111,603,549,394,381,452,298,861,491,377,293,419,367,269,145,440,286,490,564,497,878,252,1248,600,1636,931,1323,1521,1230,636,1571,1218
"103910",3047,1138,4432,2536,4600,3800,1094,761,545,538,1235,524,2532,1490,1184,1029,865,1186,690,1969,829,914,562,988,798,593,365,916,690,1235,1300,1477,2303,692,2392,889,2711,1446,2082,3298,2614,1535,4418,2979
"10194",353,233,656,420,575,694,119,132,126,107,317,81,600,322,582,245,155,186,246,463,388,343,233,270,258,126,106,320,178,366,284,299,592,190,396,51,364,269,435,772,430,255,395,295
"10501",42,10,32,7,15,13,5,1,2,0,0,0,38,2,0,8,0,3,2,4,4,6,0,2,3,21,0,4,3,0,2,2,6,3,4,9,37,10,2,8,22,0,12,13
"56729",31,20,77,32,34,29,10,27,1,11,1,10,24,7,1,6,5,8,2,4,2,9,3,5,1,8,0,4,4,3,5,7,9,22,12,38,36,21,90,18,23,7,8,62
"199675",285,117,442,212,280,274,47,24,28,25,60,43,589,97,79,91,60,196,64,135,132,46,78,128,67,108,64,192,64,133,143,146,99,51,112,138,330,120,107,187,284,85,212,250
"59286",612,213,828,628,882,842,202,107,55,99,195,46,463,200,128,142,202,224,81,299,142,175,66,139,160,116,51,130,99,158,179,302,402,94,318,139,317,215,289,493,432,217,684,771
"255809",1224,616,1204,691,1073,1261,200,147,149,216,196,116,1423,264,217,369,287,389,207,402,465,229,211,268,291,280,139,426,208,390,285,324,607,177,660,484,1368,833,485,688,1032,406,1053,881
"10437",8875,3771,6195,4505,6611,9050,1700,928,845,1017,1419,631,11265,2021,1203,2427,1490,3203,1291,2610,3444,1878,1550,1695,2046,2249,941,2011,1168,2137,2375,1725,4426,1097,4577,1220,9729,5906,4282,4407,5125,2271,4818,4901
"2865",34,8,15,3,9,27,2,8,4,4,0,1,21,3,6,4,2,4,3,6,8,2,1,1,3,3,1,2,5,2,7,1,10,3,6,4,31,2,2,9,15,9,13,11
"9535",2925,783,4745,2160,4394,3661,612,420,217,386,603,239,2109,688,572,601,624,932,335,743,718,520,419,423,450,451,218,660,472,673,577,927,1523,471,1630,973,2267,1036,1233,2297,2087,1035,3474,3363
"634",398,296,1004,304,378,909,73,188,135,164,243,77,1388,347,354,446,207,520,304,239,813,195,251,252,170,339,177,437,311,633,371,182,535,189,319,150,939,184,316,620,726,390,1063,382
"57126",20,43,211,84,57,36,10,15,5,8,36,10,147,25,23,85,66,32,19,181,89,20,45,91,14,56,50,97,19,48,91,64,46,59,196,80,696,64,94,30,84,15,173,53
"5819",95,27,893,31,55,22,6,33,7,5,36,6,76,16,6,31,5,13,31,13,24,8,16,153,17,16,4,26,22,31,10,26,19,27,33,6,66,31,85,39,49,22,32,30
"126014",1187,540,1037,640,995,1421,94,90,88,92,311,82,1168,216,204,254,181,432,143,291,349,197,237,187,291,324,129,379,193,371,267,219,511,170,646,383,1461,691,565,610,800,357,1031,951
"79168",2988,1456,3100,1163,3150,3308,251,514,184,355,510,108,5076,338,701,1229,316,1237,520,1039,1078,579,630,437,670,749,363,681,723,1313,729,574,761,646,1361,1552,5068,1331,1445,981,2773,877,2327,751
"353514",3380,1271,4258,1466,2244,2431,342,344,252,225,548,176,2766,588,326,737,401,826,351,541,566,342,431,344,379,393,277,611,455,840,414,612,951,378,1252,682,2195,1013,796,1384,1896,516,2961,1091
"11006",487,259,406,253,390,414,73,54,66,45,120,37,843,184,177,252,62,154,87,177,144,138,106,166,165,118,50,126,70,148,122,83,263,52,187,51,365,312,254,189,256,118,199,228
"2204",584,331,581,381,459,710,129,280,120,180,453,152,2294,410,347,618,357,680,291,506,881,119,398,359,254,442,353,626,356,626,595,424,784,253,538,449,1023,349,254,306,999,227,1006,484
"105372578",49,6,83,30,43,7,6,8,24,10,13,16,74,17,14,65,36,64,23,55,59,16,39,53,10,33,23,21,34,74,27,54,17,19,20,19,68,25,6,31,55,18,62,68
"8530",1558,1376,2842,3014,2741,3988,302,347,215,229,646,140,871,338,246,428,435,648,304,1219,1464,705,270,725,516,393,287,548,337,839,469,991,1374,395,1552,432,1997,1687,2166,1592,1515,597,1451,1281
"55741",421,281,504,305,473,698,88,68,57,70,147,50,512,134,154,141,120,156,97,166,211,152,101,96,110,120,50,129,139,146,128,160,286,81,313,124,525,275,302,336,370,165,383,292
"100527943",821,443,950,556,972,1142,176,163,151,188,229,88,1174,245,212,326,211,395,158,340,337,249,193,213,214,243,95,259,242,306,257,372,610,186,650,215,938,369,356,612,714,287,934,750
"55969",870,464,1014,632,1041,1247,186,174,166,200,225,89,1231,247,206,324,216,413,160,345,344,269,198,214,226,253,100,262,251,316,260,381,639,194,680,228,998,388,368,642,751,307,968,839
"671",120,95,829,154,95,94,41,17,10,74,23,10,252,94,61,69,18,44,26,68,23,28,38,180,53,187,23,23,53,111,27,25,139,13,208,719,80,31,130,49,91,56,81,184
"6590",178,55,368,44,111,155,27,35,39,48,27,13,220,59,22,33,40,62,60,39,35,23,43,40,17,57,8,59,52,44,26,59,122,28,82,94,174,34,52,46,249,76,249,183
"4318",2452,610,2065,1273,1373,1765,76,76,103,234,126,40,2611,379,145,708,308,640,205,193,984,274,475,333,235,483,356,411,277,630,321,423,381,295,849,3088,1866,875,403,1207,1831,242,1937,1646
"109729184",468,120,363,246,254,343,11,8,11,39,22,3,347,52,26,80,49,88,26,20,138,40,53,51,35,64,60,55,40,77,44,63,57,44,145,531,317,171,71,203,281,35,305,293
"64092",388,149,682,436,631,341,302,244,150,131,462,187,956,418,373,301,170,296,259,490,254,260,179,286,203,239,102,268,221,450,326,400,591,127,289,262,352,191,207,596,591,311,652,341
"3753",50,25,64,39,49,45,6,5,11,13,46,2,121,21,10,35,13,31,7,22,30,17,20,18,9,20,5,32,18,26,20,20,26,8,49,80,56,37,22,35,81,21,72,35
"7267",1442,782,2192,1299,2689,2921,566,602,580,453,2142,509,2911,1935,3326,1161,809,1002,1074,2206,1161,1365,1201,1256,985,645,347,1685,1165,1847,1467,1478,2577,725,1876,150,1589,1077,1661,3412,2037,1269,2034,1563
"7226",240,141,254,206,330,282,29,27,30,34,17,20,344,43,55,66,41,74,22,99,115,49,47,51,52,97,33,60,42,72,41,53,86,35,124,54,204,241,127,171,283,99,157,214
"83733",60,27,96,64,94,97,16,21,8,13,20,9,64,13,35,22,24,22,15,37,20,20,9,19,12,21,4,15,21,26,19,31,53,12,49,25,78,39,41,57,53,26,70,52
"529",894,419,1436,817,1354,1237,286,196,166,175,356,147,1035,442,326,324,310,355,192,445,298,282,195,242,259,208,93,268,231,349,456,414,752,252,1006,409,1232,722,955,944,913,523,1368,1006
"7353",400,270,592,368,679,633,104,96,61,64,174,79,533,201,192,168,141,162,84,324,206,162,102,116,142,106,53,193,141,211,164,230,420,130,348,122,451,335,378,495,417,260,531,438
"5008",92,29,59,39,52,66,12,15,6,7,0,1,80,13,15,14,9,33,9,18,37,13,9,3,8,8,7,3,9,9,16,14,30,9,35,13,82,14,22,47,105,27,83,52
"6948",78,58,131,124,148,111,24,9,24,12,21,5,283,45,22,39,28,39,17,30,44,29,37,34,29,54,9,31,15,35,21,21,43,18,57,35,120,99,53,58,74,39,76,76
"3956",1252,768,1480,1457,1421,1529,274,152,112,154,161,89,1076,131,128,174,176,274,98,453,219,217,92,188,343,160,74,203,137,184,181,282,580,140,651,167,1063,875,999,670,618,289,560,837
"9582",154,155,227,128,365,153,40,62,40,64,104,13,504,54,46,100,47,107,25,50,135,54,51,40,42,64,35,80,75,66,69,129,260,81,225,123,376,159,122,246,221,138,334,254
"660",60,31,121,40,59,74,9,15,13,36,15,16,237,63,34,71,36,88,38,44,94,31,38,76,14,35,47,73,40,118,91,73,62,49,74,84,187,52,23,76,165,55,131,77
"114004397",232,126,283,163,279,417,111,83,70,49,281,88,445,270,444,214,141,109,149,437,242,187,186,195,205,144,64,278,158,216,270,194,494,110,271,29,203,157,316,299,313,110,247,155
"6303",6633,3023,9442,4170,8659,6641,2627,2775,1695,1887,3242,955,12742,3932,2912,3742,2254,3922,1960,3747,3591,2129,2426,2147,1980,2339,1211,2897,2147,4446,3387,3338,6671,1403,5403,2218,9037,3297,3429,6429,7899,4810,10660,6589
"5355",1933,961,1798,1268,1855,2809,282,227,251,287,705,201,2661,652,763,795,110,658,381,1090,501,521,503,870,640,540,295,864,386,125,658,636,1148,398,1558,77,2497,1353,1333,1397,1802,553,1355,1234
"2717",272,165,324,204,306,392,70,61,34,75,124,24,417,137,120,124,85,138,65,173,156,86,74,100,77,96,50,131,97,136,111,119,218,51,249,89,397,158,179,256,263,126,255,225
